{
	"credit": "Made with Blockbench",
	"texture_size": [32, 32],
	"textures": {
		"0": "item/a_zombie_arm"
	},
	"elements": [
		{
			"from": [6, 0, 5],
			"to": [10, 12, 9],
			"rotation": {"angle": 0, "axis": "y", "origin": [7, 0, 7]},
			"faces": {
				"north": {"uv": [0, 0, 2, 6], "texture": "#0"},
				"east": {"uv": [2, 0, 4, 6], "texture": "#0"},
				"south": {"uv": [4, 0, 6, 6], "texture": "#0"},
				"west": {"uv": [0, 6, 2, 12], "texture": "#0"},
				"up": {"uv": [8, 2, 6, 0], "texture": "#0"},
				"down": {"uv": [4, 6, 2, 8], "texture": "#0"}
			}
		},
		{
			"from": [8, 11, 7],
			"to": [11, 14, 9],
			"rotation": {"angle": 45, "axis": "x", "origin": [9, 12, 7]},
			"faces": {
				"north": {"uv": [6, 2, 7.5, 3.5], "texture": "#0"},
				"east": {"uv": [4, 7.5, 5, 9], "texture": "#0"},
				"south": {"uv": [6, 3.5, 7.5, 5], "texture": "#0"},
				"west": {"uv": [7.5, 5, 8.5, 6.5], "texture": "#0"},
				"up": {"uv": [9.5, 1, 8, 0], "texture": "#0"},
				"down": {"uv": [9.5, 1, 8, 2], "texture": "#0"}
			}
		},
		{
			"from": [5, 3, 7],
			"to": [8, 6, 10],
			"rotation": {"angle": 45, "axis": "x", "origin": [6, 4, 7]},
			"faces": {
				"north": {"uv": [4, 6, 5.5, 7.5], "texture": "#0"},
				"east": {"uv": [6, 5, 7.5, 6.5], "texture": "#0"},
				"south": {"uv": [5.5, 6.5, 7, 8], "texture": "#0"},
				"west": {"uv": [7, 6.5, 8.5, 8], "texture": "#0"},
				"up": {"uv": [9, 3.5, 7.5, 2], "texture": "#0"},
				"down": {"uv": [9, 3.5, 7.5, 5], "texture": "#0"}
			}
		}
	],
	"gui_light": "front",
	"display": {
		"thirdperson_righthand": {
			"rotation": [90, 90, 0],
			"translation": [1, -1.75, 8],
			"scale": [1.2, 1.2, 1.2]
		},
		"thirdperson_lefthand": {
			"rotation": [90, 90, 0],
			"translation": [1, -1.75, 8],
			"scale": [1.2, 1.2, 1.2]
		},
		"firstperson_righthand": {
			"rotation": [73.75, 89, -7],
			"translation": [4.13, 3.2, 2.13]
		},
		"firstperson_lefthand": {
			"rotation": [73.75, 89, -7],
			"translation": [4.13, 3.2, 2.13]
		},
		"ground": {
			"translation": [0, 5.25, 0]
		},
		"gui": {
			"rotation": [35, 38, -32],
			"translation": [0.75, 1.5, 0]
		},
		"head": {
			"translation": [0, -5.75, 3.75],
			"scale": [3, 3, 3]
		},
		"fixed": {
			"translation": [0, 3, -1.5],
			"scale": [2, 2, 2]
		}
	},
	"groups": [
		{
			"name": "group",
			"origin": [6, 4, 7],
			"color": 0,
			"children": [0, 1, 2]
		}
	]
}