{
	"credit": "Made with Blockbench",
	"parent": "item/generated",
	"textures": {
		"layer0": "item/amethyst_longsword"
	},
	"gui_light": "front",
	"display": {
		"thirdperson_righthand": {
			"rotation": [16, -90, 55],
			"translation": [0, 3.75, 1.5],
			"scale": [3.4, 3.4, 1]
		},
		"thirdperson_lefthand": {
			"rotation": [111, -90, 55],
			"translation": [0, 3.75, 1.25],
			"scale": [3.4, 3.4, 1]
		},
		"firstperson_righthand": {
			"rotation": [59, 90, -25],
			"translation": [2.13, 3.2, -1.62],
			"scale": [2.72, 2.72, 1]
		},
		"firstperson_lefthand": {
			"rotation": [-31, 90, -25],
			"translation": [1.13, 3.2, -0.87],
			"scale": [2.72, 2.72, 1]
		},
		"ground": {
			"scale": [2, 2, 1]
		},
		"gui": {
			"translation": [-2.5, -2.25, 0],
			"scale": [2.1, 2.1, 2.1]
		},
		"fixed": {
			"translation": [-4.25, -4.25, 0],
			"scale": [4, 4, 1.5]
		}
	}
}