{
	"credit": "Made with Blockbench",
	"parent": "minecraft:item/handheld",
	"textures": {
		"layer0": "item/amethyst_jelly"
	},
	"display": {
		"thirdperson_righthand": {
			"rotation": [9, 90, 0],
			"translation": [0, 2.5, 1.25],
			"scale": [0.6, 0.6, 0.6]
		},
		"thirdperson_lefthand": {
			"rotation": [9, 90, 0],
			"translation": [0, 2.5, 1.25],
			"scale": [0.6, 0.6, 0.6]
		},
		"firstperson_righthand": {
			"rotation": [-38, 110, 0],
			"translation": [7.25, -0.25, -7.5],
			"scale": [1, 1, 0.99]
		},
		"firstperson_lefthand": {
			"rotation": [-38, 110, 0],
			"translation": [7.25, -0.25, -7.5],
			"scale": [1, 1, 0.99]
		},
		"ground": {
			"translation": [0, 1.75, 0],
			"scale": [0.84, 0.84, 0.84]
		},
		"gui": {
			"translation": [0, 1.25, 0]
		},
		"head": {
			"rotation": [0, 0, 180],
			"translation": [0.25, 5.25, -7.5]
		},
		"fixed": {
			"scale": [1.16, 1.16, 1]
		}
	}
}