{
	"parent": "minecraft:item/handheld",
	"textures": {
		"layer0": "item/n_amethyst_boots"
	},
	"display": {
		"thirdperson_righthand": {
			"rotation": [1, 90, 0],
			"translation": [0, 3, 1.25],
			"scale": [0.63, 0.63, 0.63]
		},
		"thirdperson_lefthand": {
			"rotation": [1, 90, 0],
			"translation": [0, 5.75, 1.25],
			"scale": [0.63, 0.63, 0.63]
		},
		"firstperson_righthand": {
			"rotation": [-60, 113, 48],
			"translation": [7.25, 0, -6],
			"scale": [1, 1, 0.68]
		},
		"firstperson_lefthand": {
			"rotation": [-60, 113, 48],
			"translation": [7.25, 1.25, -6],
			"scale": [1, 1, 0.68]
		},
		"ground": {
			"translation": [0, 6.75, 0],
			"scale": [0.83, 0.83, 0.83]
		},
		"head": {
			"rotation": [-180, 0, 0],
			"translation": [-0.25, 5.75, 6.75],
			"scale": [1.76, 1.76, 1]
		},
		"fixed": {
			"scale": [1.16, 1.16, 1]
		}
	}
}